driver,throttle,brake,n_gear,mds_x,mds_y,driver_name
1,94.38461538461539,0.0,6.519230769230769,0.4240598267343761,0.09884125526320112,Verstappen
1,94.40838809431774,0.41553923463471026,6.544356397371473,0.423872429219841,0.10468444369753019,Verstappen
1,94.43216080402009,0.8310784692694205,6.569482025512177,0.4236991149850484,0.11051928307532102,Verstappen
1,95.4032634032634,0.4239339666475329,6.582745702092436,0.43496331659294357,0.10954609790337365,Verstappen
1,96.38403263403264,0.008394732012822592,6.595888338350649,0.4463408499562692,0.1085730576663055,Verstappen
1,95.50367806397958,0.937379203710862,6.640750371906151,0.4371101477362617,0.12176382359640422,Verstappen
1,94.58494980731162,1.8940858136838035,6.686266413653349,0.4275218390052764,0.1351229665022981,Verstappen
1,94.57594499303042,1.9230769230769231,6.904674889599513,0.4420575584038122,0.17621957951013806,Verstappen
1,94.5953690363238,1.9230769230769231,7.128486254114395,0.4576211537039567,0.21818485230722562,Verstappen
1,95.13826806917258,1.0050251256281415,7.287663062788691,0.4778738746795943,0.24470289701575526,Verstappen
1,95.70320815421317,0.048318515655199734,7.444118416480226,0.4983493780586311,0.27047704045680887,Verstappen
1,95.14358212976303,0.9083880943177425,7.465600145248387,0.49061693421456604,0.2781370654395083,Verstappen
1,94.52413875906339,1.8650947042906834,7.479902425882325,0.4814939626792715,0.2848657709690944,Verstappen
1,80.73611355144016,7.415281535884568,7.480769230769231,0.33794338132320967,0.33215942383636793,Verstappen
1,66.09850241885414,13.261821930163661,7.480769230769231,0.18767112274895473,0.381928674574375,Verstappen
1,41.44952911410194,36.242986494242814,7.405872603108784,-0.13359768831060728,0.49545979903501913,Verstappen
1,16.038821731032805,60.52787246254585,7.325277318995912,-0.476069408545879,0.6281338545299666,Verstappen
1,8.693326773728792,73.40724602031135,6.8500193274062635,-0.6380467184774726,0.6214601480299382,Verstappen
1,2.935982359349195,85.28393716835927,6.340065713181291,-0.796227445493521,0.6014612781129123,Verstappen
1,2.1253997259022404,76.41880732332993,5.651333591032085,-0.8003617067526695,0.4349411113281088,Verstappen
1,1.8094932705485505,65.47949537899282,4.944723618090453,-0.7942592212469205,0.2446081609658508,Verstappen
1,6.113376712622943,42.56002233389169,4.757977923807069,-0.6489416501214649,0.06787785025403231,Verstappen
1,10.93633767126231,18.294463771850694,4.62964394622686,-0.5130299054052234,-0.12630470716020623,Verstappen
1,25.359521968818452,11.251771678907353,4.615384615384615,-0.3542190347503367,-0.15173847984378963,Verstappen
1,40.9827341837392,6.361937894601219,4.615384615384615,-0.19551247037226502,-0.17222622057969905,Verstappen
1,56.62921542444152,5.769230769230769,4.62379203710862,-0.05165616021000149,-0.1813494200254151,Verstappen
1,72.27890618594138,5.769230769230769,4.63335910320835,0.08964685026001198,-0.20170868073178222,Verstappen
1,80.91345519360596,5.769230769230769,4.634615384615385,0.16777942799490037,-0.21880018206522756,Verstappen
1,88.48757579662102,5.769230769230769,4.634615384615385,0.23657458939062206,-0.23720446358320618,Verstappen
1,85.85939311944341,4.12640123695401,4.659257827599537,0.21943721927356047,-0.22863378327009315,Verstappen
1,81.55083107846926,2.2129880170081146,4.687959025898724,0.18838366158044328,-0.21812268733000514,Verstappen
1,72.20662461491607,3.546579049091612,4.7405207857469165,0.10271750527621937,-0.18671285765953483,Verstappen
1,61.96319593304519,5.459992269037491,4.797343360157431,0.007376799557773594,-0.15299164335342214,Verstappen
1,52.19907521289433,12.704450769777367,4.837151960267539,-0.10527096065662514,-0.10112753385400093,Verstappen
1,42.52735120825575,20.976580649947433,4.873680758102869,-0.22701952631163277,-0.03928591592130709,Verstappen
1,37.28719647186982,20.73215728994623,4.851618231015216,-0.2718532360167663,-0.04394255087381645,Verstappen
1,32.96578170573145,18.722107038689938,4.8174087219313355,-0.30242711947250045,-0.061818493875787105,Verstappen
1,38.81724180342269,16.751590118424286,4.778059879818675,-0.2456520379582432,-0.08100993371221835,Verstappen
1,46.92934075974273,14.789858382823217,4.737568963699617,-0.16806277959194488,-0.10482361861874134,Verstappen
1,50.547642056436,11.110134979481746,4.737919394954571,-0.11973260526493033,-0.12675059030535238,Verstappen
1,53.09866640896785,7.022388555051944,4.747969646210852,-0.0807239154752468,-0.1470795857914732,Verstappen
1,46.45634348900679,8.964988110716787,4.772902976420564,-0.14622068892439094,-0.12881326829057924,Verstappen
1,37.48659087980698,12.434257534760048,4.801604174719753,-0.23785477773129923,-0.10251738573297052,Verstappen
1,41.267942275479946,12.949362195593382,4.821930163638706,-0.20537170218339168,-0.09627545294253961,Verstappen
1,48.482283210926425,12.669114804793264,4.840001288493751,-0.13829223831848048,-0.09839847980886872,Verstappen
1,43.99861486921788,21.754069492762987,4.844843877507194,-0.22017264887113838,-0.03976262606162811,Verstappen
1,36.1726581626079,33.51479620323839,4.845906884851608,-0.34748197317572016,0.03615889552100167,Verstappen
1,26.05123812535874,33.620901711354,4.828794321256633,-0.4319940502078818,0.03121302741083785,Verstappen
1,15.235138395942442,30.199950802965887,4.8061812559299995,-0.5078061944548359,0.0017683846348207257,Verstappen
1,15.977193660610745,23.982382776352622,4.774343746705556,-0.47686497084263757,-0.04535492262739473,Verstappen
1,20.417858523386137,16.869897271907377,4.739554415433813,-0.4117749822165416,-0.0962927283191698,Verstappen
1,30.94941685896458,10.494195921331638,4.709315809818323,-0.2950977660869922,-0.1335577979467707,Verstappen
1,43.53870947589546,4.367408136252383,4.680614611519134,-0.16214213310747735,-0.17126380513235637,Verstappen
1,53.238078504410154,2.4519450398847566,4.687185929648241,-0.0676627059123366,-0.1817373285765788,Verstappen
1,61.90815967951647,2.036405805250032,4.7063200618477,0.012903616987037689,-0.18543367315906334,Verstappen
1,66.37322978529012,1.9230769230769231,4.725454194047159,0.05447370130307813,-0.1869486358128116,Verstappen
1,69.26142074006395,1.9230769230769231,4.7445883262466175,0.08155318633018818,-0.18680231612668044,Verstappen
1,72.80891344836068,1.9230769230769231,4.768088695224374,0.11505106396230078,-0.187526625139421,Verstappen
1,76.61641248199035,1.9230769230769231,4.793310960396387,0.15080542931279445,-0.1887907988793004,Verstappen
1,80.18489592484566,1.9230769230769231,4.888843986833937,0.1885428986956536,-0.17658950311194904,Verstappen
1,83.65435862295158,1.9230769230769231,5.01350575722435,0.22694643378075466,-0.15929724414220953,Verstappen
1,86.11244743531174,1.9230769230769231,5.1770976092584124,0.2584208136607717,-0.13280737010421254,Verstappen
1,88.13080847126075,1.9230769230769231,5.357615583746239,0.28700334580315856,-0.10224841229784865,Verstappen
1,90.05152901258428,2.474005614709123,5.522003959189889,0.311629455611204,-0.0733690336638238,Verstappen
1,91.92773697547564,3.276092974585426,5.679039135069286,0.33424256751417464,-0.0456074539620938,Verstappen
1,92.91979126401236,2.9925267362453236,5.8855173302409485,0.35659066556607055,-0.00937277331442087,Verstappen
1,93.48956320061848,2.1904393763690297,6.115610101791005,0.37952311310501885,0.030804230644048133,Verstappen
1,93.63941502383715,2.560881329725546,6.301378688313362,0.39085162113791627,0.06658380218411948,Verstappen
1,93.57930679036208,3.5175879396984806,6.464985182321865,0.3960461542031334,0.10050568450911825,Verstappen
1,85.66471147501305,9.385212777172573,6.539890595166978,0.30500769788778553,0.15012184552296673,Verstappen
1,73.64161522452974,17.82162561057047,6.5683985194035435,0.16424675307815073,0.2093138278422662,Verstappen
1,62.76957339143269,24.908634079488426,6.520065361773905,0.03491925361222247,0.2485082501401068,Verstappen
1,52.527014442843594,31.2576870365815,6.429709737498682,-0.08817207413916374,0.27636829302497706,Verstappen
1,45.340144779843335,38.24630143725613,6.268879361844187,-0.19512697408051222,0.2934822479818895,Verstappen
1,39.89938328003659,45.60037951997749,6.067777699687247,-0.2939379448443207,0.30777404160384986,Verstappen
1,32.53087309117461,52.918145506085224,5.762339279927218,-0.4184317768496379,0.3063529315702752,Verstappen
1,24.01193223303781,60.21424137002025,5.394635375791156,-0.5615285534449758,0.2904236972480962,Verstappen
1,19.999045343266438,58.04283656042452,5.024132902273606,-0.6088269451545911,0.21337741237695074,Verstappen
1,18.793208466575308,49.97364444600615,4.6518870576659515,-0.5983956470923713,0.09796503625154634,Verstappen
1,22.14811235665507,40.44025488749106,4.402575230464678,-0.5363786164186861,-0.003927363586235364,Verstappen
1,28.467497745136015,29.95513699031292,4.233170514577549,-0.4396268704456842,-0.10047675535380218,Verstappen
1,39.48257019362543,22.654843760371488,4.097284206580689,-0.3168247979682848,-0.1873027597807494,Verstappen
1,53.68115929296835,17.513753694658273,3.9841222429162135,-0.16972174565951287,-0.26221344681145853,Verstappen
1,65.73712970446647,11.25733562919494,3.9808512258261,-0.03088319956136983,-0.30381934938085303,Verstappen
1,76.27849035386723,4.212496046666917,4.055261739935106,0.09663070748727492,-0.32654995212845467,Verstappen
1,84.08461304189949,0.8732473556593978,4.2171931920675645,0.18834066481898695,-0.31948623553918853,Verstappen
1,89.87529723208112,0.26443405840390655,4.443613756427826,0.25628865912423876,-0.288934523069644,Verstappen
1,93.58117510630069,0.0,4.704526908044496,0.3061367748409579,-0.24722234438065205,Verstappen
1,95.68621955933504,0.0,4.991925439161621,0.3418916496163558,-0.19601986703566618,Verstappen
1,86.19240432933904,1.5461925009663917,5.25038654812524,0.26482611459352273,-0.11990654383435656,Verstappen
1,67.41950135291843,4.329339002705947,5.485697719366061,0.10123861961345104,-0.03348601253152499,Verstappen
1,51.718180061144956,16.669009382577137,5.619645429946937,-0.07775782229914319,0.060496914201876965,Verstappen
1,38.57651017324385,36.97244966089186,5.669123589977861,-0.28543885510685224,0.18957627667685747,Verstappen
1,27.635956589474095,53.540624646152374,5.435507959377307,-0.48831255212108843,0.2559925909055864,Verstappen
1,18.605805835705297,66.86687126385615,4.956188284077731,-0.6843382680844057,0.2551313059027097,Verstappen
1,10.910663457145793,73.787351676799,4.508998957491417,-0.8254775517470675,0.2156343885825303,Verstappen
1,4.422163263871818,74.91800494313058,4.090850523011328,-0.9127077625991807,0.14890895324541736,Verstappen
1,2.3117539914022225,70.04486300968713,3.7378676599782126,-0.924063673592844,0.0543469383445895,Verstappen
1,4.321900879689838,59.521090299984735,3.4462170994834302,-0.8638611161052194,-0.05859861049883761,Verstappen
1,8.256149629265192,47.35741645289389,3.2414422540050687,-0.7732499607928265,-0.1689872899815838,Verstappen
1,14.076018202902574,33.58663949116223,3.121805609242797,-0.654108766925045,-0.27258833617426725,Verstappen
1,21.31386829251148,22.283913741200184,3.060474282836092,-0.5364362494653352,-0.35166924430206353,Verstappen
1,29.998638296377052,13.499607595084965,3.058638179241194,-0.41687610742815334,-0.4066723583154931,Verstappen
1,40.285263731243695,7.273547223295873,3.080744632252169,-0.2968046154539051,-0.4438632109035323,Verstappen
1,52.2738605615491,3.7656229867284807,3.1282900516568852,-0.17347343671091103,-0.46428697136161423,Verstappen
1,62.933870986634716,1.4688828759180685,3.222952368681008,-0.06384551152968909,-0.4705656579980826,Verstappen
1,72.1239560272223,0.5121762659451183,3.369744019241504,0.031006849817950443,-0.46117682377546604,Verstappen
1,79.88117159222685,0.44453034402782693,3.593228379660538,0.11458629729166149,-0.43303975449076965,Verstappen
1,85.98747232666831,1.4012369540007665,3.905076079699195,0.185247020534327,-0.3829685250621706,Verstappen
1,90.39427908774648,1.9230769230769231,4.217626594511017,0.24218839646747284,-0.3308270618919622,Verstappen
1,92.76169308078862,1.9230769230769231,4.53102048705064,0.2819473896199604,-0.27484904361283824,Verstappen
1,93.68573637417863,2.537258944294102,4.8343211785422815,0.3056800434939704,-0.21631824244954054,Verstappen
1,92.80556629300351,3.919168492032793,5.125005368723961,0.30895083133756196,-0.15405880011305387,Verstappen
1,92.43235407808272,4.100631361937913,5.398774173899804,0.31951408214094096,-0.09881151143613864,Verstappen
1,92.71936606107461,2.718721814199207,5.650513640463392,0.3419640163653856,-0.054437352789261345,Verstappen
1,93.32455986224832,1.9230769230769231,5.8776955874945855,0.3645030507866788,-0.014651681713445478,Verstappen
1,94.36157184524019,1.9230769230769231,6.071549472303242,0.38565954342386216,0.019578964846022544,Verstappen
1,95.08089398039148,1.5268650947042943,6.2460330010581275,0.4047969774806685,0.04982148017369163,Verstappen
1,95.35080120884143,0.5701584847313548,6.393114562712553,0.42128772843727713,0.07437338179013345,Verstappen
1,95.7766161811388,0.0,6.513098710334891,0.43571071826565505,0.09436787145759779,Verstappen
1,96.43239507561117,0.0,6.593114172259901,0.4466077813336014,0.10791784583512438,Verstappen
1,96.41652024692225,0.3768844221105411,6.655313279685139,0.4486911532432116,0.12078023681612263,Verstappen
1,95.36733199798523,1.3335910320834807,6.690102610956882,0.43724530066184,0.1324627444503296,Verstappen
1,93.13584140594192,3.0952157836579675,6.7151735757263395,0.41114909206287015,0.14724161261512891,Verstappen
1,89.00644442101728,6.148945973066602,6.724644004794758,0.36166063699249573,0.16702045889714567,Verstappen
1,83.30101556734712,10.853217134624291,6.721184594300172,0.289929505503734,0.19346707388078446,Verstappen
1,74.9546684471306,18.323259654918047,6.696058966159468,0.18080483953812948,0.23320832221142718,Verstappen
1,64.34835014231987,27.508170221738116,6.631962258846682,0.041373204323034936,0.28054731511592,Verstappen
1,49.78708226446918,39.694099869979254,6.499666162982746,-0.15109379852398788,0.33844614406993645,Verstappen
1,37.14039896451956,47.97843139551682,6.299416663738271,-0.3129069586190418,0.3608475400813895,Verstappen
1,27.99467032130344,49.128412068110514,5.974909512597951,-0.41465256478661344,0.31819901572879,Verstappen
1,22.69037495168148,47.822445561139034,5.651398015719626,-0.47408443157131924,0.25676211533776205,Verstappen
1,24.729996134518718,41.82128591676338,5.329789975518621,-0.448702166959929,0.16592654195090145,Verstappen
1,24.907196237598278,39.09934286818707,5.0272838551733035,-0.4555779084480382,0.09800310201843465,Verstappen
1,21.35955418116223,42.935833011209894,4.762981574539362,-0.5268821506103382,0.0750238955540388,Verstappen
1,19.07410498490904,42.302421196893484,4.534475993018703,-0.5593439663825173,0.030860589437549536,Verstappen
1,19.431372089663657,32.310152159398406,4.380919750266484,-0.5131198485932053,-0.05886265128912097,Verstappen
1,23.41007484977326,22.98965690925478,4.253145096109919,-0.4422551784658418,-0.14020560533074186,Verstappen
1,35.3325719506624,15.14272996685045,4.181923604034156,-0.30626291221514435,-0.20612916624866462,Verstappen
1,47.863325953778265,8.505230113270201,4.142299492802005,-0.16964278675270392,-0.25283464986983045,Verstappen
1,61.793070832015644,4.649412563985403,4.175349357510162,-0.02812050933964877,-0.27744860338046157,Verstappen
1,73.53479128353504,2.3646788722165035,4.251285565355913,0.08994660515944464,-0.28846390948601197,Verstappen
1,79.99507346366642,3.8722165606586825,4.430740532499325,0.1538524506976723,-0.26155933398879333,Verstappen
1,85.61870541518783,4.256421969989758,4.621182837263239,0.21466459405242766,-0.235393255009359,Verstappen
1,89.12083142987666,1.7921776715746294,4.83948589099343,0.26689057029893437,-0.205808846763396,Verstappen
1,92.17193484907054,0.03426222019187107,5.078504410162705,0.3145648231716597,-0.17036368205569258,Verstappen
1,94.0203113469445,0.1598903608953937,5.372764170502863,0.34834160545275217,-0.11774330668261268,Verstappen
1,95.46748993608293,0.2195320034516181,5.66897814636508,0.37854054472075566,-0.0641528723492712,Verstappen
1,95.78822824300214,0.09390386274809129,5.970678958116144,0.40042103407207674,-0.007908454967458515,Verstappen
1,96.0499349896335,0.0,6.237214627918147,0.42003397999462494,0.04168976805286759,Verstappen
1,96.13690831781285,0.0,6.399661477550926,0.431300895386308,0.0721730632208726,Verstappen
1,96.37693127642876,0.0,6.55081643649483,0.443318239277597,0.10009000889753382,Verstappen
1,97.09523433015895,0.0,6.666684237035995,0.4571116554336014,0.12028164929615506,Verstappen
1,97.69638792251857,0.0,6.763872782717004,0.46872846860415573,0.137161915231113,Verstappen
1,97.91043894687111,0.0,6.79933857320792,0.4729333390087006,0.14332957842049068,Verstappen
1,98.07692307692308,0.0,6.842385001932741,0.477245953452153,0.1510290278638322,Verstappen
1,98.07692307692308,0.0,6.91196366447623,0.4819394333265678,0.1641104278582424,Verstappen
1,98.05527638190955,0.0,6.990110810462571,0.48706124115440563,0.1788512958804935,Verstappen
1,97.95322767684578,0.0,7.100083752093803,0.49371136387306713,0.19977995079028754,Verstappen
1,97.69835580388346,0.38654812524158494,7.196429896178639,0.49624014668948935,0.21954982556307592,Verstappen
1,96.83983241772188,2.299961345187464,7.238950189955214,0.4825205854463041,0.2347851721338684,Verstappen
1,96.01745616192852,3.6625434866640956,7.271752117229503,0.47069644587527193,0.24745292073020328,Verstappen
1,95.34727834979093,2.7058368766911665,7.263634606599431,0.46937306078140906,0.2442178292114596,Verstappen
1,94.32899638050395,1.7491302667182183,7.25694029588502,0.46500432637858635,0.24281269786171106,Verstappen
1,91.7442457040447,0.7924236567452787,7.256650384791088,0.44727785611265714,0.24783843274488498,Verstappen
1,89.6558618656608,0.0016594237699806948,7.252975249206405,0.4322925683290415,0.2522169818172572,Verstappen
1,89.96171806975823,0.011323126901045658,7.232971383725153,0.4335367740323114,0.24746702875972007,Verstappen
1,90.63283492052331,0.17248245891464795,7.2154039427908785,0.4375486139552252,0.24219375247201083,Verstappen
1,93.19874137587702,1.1195253657565332,7.210475454194048,0.45522810803306907,0.23547830919173318,Verstappen
1,95.28925220508135,2.0680324700425174,7.203789928664301,0.46802339319743386,0.23112181090210906,Verstappen
1,94.71754752784904,3.024739080015457,7.187264996310223,0.4573081527918171,0.23190961673431762,Verstappen
1,92.42566855255303,4.2793610632806445,7.166284999199573,0.42952817149639044,0.23701078380553153,Verstappen
1,79.68987419615569,7.342754955820226,7.118256394638305,0.30429914259267643,0.26511829572128176,Verstappen
1,65.3592115589603,13.576038701666546,7.067042672570311,0.15087995941455548,0.3035838599859504,Verstappen
1,40.477881833409484,40.77936301554366,6.994758173150131,-0.19624842875594045,0.4394627397159011,Verstappen
1,17.753736631877103,66.23502126014688,6.835781471459868,-0.5293612403370273,0.5697377117543923,Verstappen
1,10.66917922948062,79.02010050251258,6.048286303311422,-0.7249212112969984,0.5112940059004081,Verstappen
1,4.261553493965577,89.66198513937216,5.239337714212091,-0.9299212471580312,0.4021217039692116,Verstappen
1,3.269381093501737,83.15831293218203,4.258761757505482,-0.9669627976516809,0.21378412018801288,Verstappen
1,3.0508222932844906,74.87612889622926,3.3596830305372904,-0.9881015113131545,0.006676898112031372,Verstappen
1,9.717424535263739,50.76518958428494,3.1859296482412014,-0.7905007908985099,-0.1592235976617799,Verstappen
1,15.868740555926632,27.750641318480326,3.0284464279439156,-0.6127445615028226,-0.3237422048011592,Verstappen
1,16.86719436342558,15.700003514073952,3.0336648276346767,-0.5395371229000269,-0.39726516413309576,Verstappen
1,17.93652313627188,4.6864079527395734,3.0384615384615383,-0.480569650148249,-0.4698961859543067,Verstappen
1,19.812054639944222,5.469167906353817,3.0384615384615383,-0.4678363736075477,-0.46233950403094964,Verstappen
1,22.805472584367095,6.04625692565395,3.0398144568998835,-0.44466018307756827,-0.4557316143787767,Verstappen
1,40.49111232151446,3.920242236825167,3.0589485890993426,-0.2820582465524252,-0.4651174583823954,Verstappen
1,57.89326586311501,1.8650947042907022,3.0822351852502594,-0.11882938800017635,-0.4880495276073956,Verstappen
1,70.90138337374509,0.9083880943177627,3.1698849726487928,0.006502010028545178,-0.4958064883221283,Verstappen
1,83.47767977416228,0.09663703131035503,3.2727721747822214,0.1288504696322274,-0.5034324486005076,Verstappen
1,87.93573930257354,2.0100502512562555,3.6621227739318187,0.186279861312391,-0.43367323183011297,Verstappen
1,92.26695247800781,3.8461538461538463,4.048763631678208,0.24326704783065267,-0.36596169133929757,Verstappen
1,93.58556477023812,3.8461538461538463,4.371048131098379,0.2744984974407212,-0.30566014346353976,Verstappen
1,94.86374178585231,3.861674339061268,4.6948612526501945,0.30458485808945673,-0.2447444004518969,Verstappen
1,94.84798994974874,4.373850605006339,5.067590282414402,0.32367924521423835,-0.17023058749140216,Verstappen
1,94.84632954984714,4.826678067884055,5.435977478691051,0.3412019984759131,-0.09677650915124215,Verstappen
1,95.52810380574199,2.4010885819930783,5.593785750820929,0.36542635138788127,-0.07336364118038412,Verstappen
1,96.20226130653263,0.0,5.753382296095865,0.3910938658691735,-0.050426514726124146,Verstappen
1,96.12997680711247,0.0,6.08822960958639,0.41121681308043395,0.013319774337471193,Verstappen
1,96.0576923076923,0.0,6.423076923076923,0.4321590851740556,0.0767698749777621,Verstappen
11,96.21153846153847,1.9230769230769231,6.596153846153846,0.4352027101368006,0.11463432146442175,Perez
11,96.18283726323928,0.9663703131039815,6.591321994588327,0.43951135593244556,0.11092508388135681,Perez
11,96.15413606494009,0.009663703131039814,6.586490143022807,0.44375653338471466,0.10731305045833513,Perez
11,97.10088906068806,0.0,6.629106097699063,0.45467520611775647,0.11318418859490292,Perez
11,98.057595670661,0.0,6.6722062136635,0.46575961917703734,0.11903914475416096,Perez
11,97.13954387321222,0.937379203710862,6.793515948038561,0.4613006137513853,0.14671255585620638,Perez
11,96.18283726323928,1.8940858136838035,6.916438251865387,0.456661949918374,0.1747277150304608,Perez
11,97.08156165442598,0.9953614224971015,7.167741387590634,0.486016165719748,0.2172402250302184,Perez
11,98.03826826439892,0.03865481252415992,7.423056424312706,0.5164461933230501,0.2605727692979495,Perez
11,97.1588712794743,0.9180517974487817,7.455998914541628,0.5068984990599344,0.2712559516280581,Perez
11,96.20216466950136,1.8747584074217234,7.479578350181366,0.4955404188653718,0.2807532917848246,Perez
11,94.68693701608275,1.0146888287591806,7.480769230769231,0.4873047953047239,0.28244915564514544,Perez
11,93.14200079652342,0.05798221878623977,7.480769230769231,0.47894698960123316,0.28473801888273814,Perez
11,78.02015321362053,8.170221738060947,7.480769230769231,0.3114564680050551,0.3405997203580216,Perez
11,62.02237586534068,16.86755455599678,7.480769230769231,0.13641109519557357,0.40061283638382306,Perez
11,38.7249612475743,34.653063296279385,7.395634934579658,-0.14721719124991117,0.4937714540715209,Perez
11,14.872139446260064,53.13006368282748,7.304023028897402,-0.4366544745662922,0.602045625242499,Perez
11,8.845582809150653,68.65797519063847,6.967512387110378,-0.5987770142631234,0.6187611457779442,Perez
11,4.386170362301014,83.92662613768141,6.609472186105352,-0.7551214084956566,0.6394412019527808,Perez
11,4.037082264469194,86.96630003162664,5.88702252521348,-0.8449643191074968,0.5218579791209685,Perez
11,4.099026601539153,88.78307622026213,5.128131918332922,-0.9157054474478533,0.4172167584344485,Perez
11,6.841955504015795,69.72361809045228,4.660535583902417,-0.8099531692066871,0.21756258508855145,Perez
11,9.886118627324661,48.31851565519904,4.225668943005626,-0.688887617268253,0.010896009041595633,Perez
11,23.00157840484473,31.655070222909416,4.115416827728385,-0.5007758882340531,-0.11014890652924009,Perez
11,37.375950264141196,15.584331915990237,4.045741528153588,-0.2991830021936678,-0.2303142046794877,Perez
11,54.4363659790795,10.196963840179937,4.05147825373956,-0.12348095761214221,-0.2720189265287874,Perez
11,71.86727050169264,6.2831640721087965,4.067616637968397,0.05002818185151312,-0.3103716562446303,Perez
11,80.1151776754792,6.541546114410444,4.185499174192642,0.13106708626588384,-0.3046067691766623,Perez
11,86.9749573430478,7.430606802466118,4.31876164036968,0.19857662605633492,-0.29404477589602657,Perez
11,85.66232385704751,5.971582856004989,4.51275901652786,0.2031176927690299,-0.25410568415920504,Perez
11,83.00364585163581,4.125815557976361,4.716759789624112,0.19690107779979568,-0.21060293321552034,Perez
11,69.2448870225252,4.6907029319089695,4.818020756462968,0.07641875939657683,-0.161860403576062,Perez
11,53.50397090346841,5.686064354406076,4.9009353293272895,-0.06334548300390455,-0.12427966779202894,Perez
11,41.01880029518222,10.983530707148741,5.007102333735499,-0.18839798874377714,-0.0729704259947801,Perez
11,29.161243279333743,17.11031849222791,5.117751734585904,-0.3101678999285278,-0.017173498482688798,Perez
11,27.587904557753767,18.67466704150118,5.147397828302351,-0.3281680068353783,-0.003153274856777957,Perez
11,28.146659872790526,19.293144041887807,5.160250553466634,-0.3246760477361516,0.0029463702216482343,Perez
11,38.1243894296658,13.863021400709885,5.174684611870542,-0.2139993145696965,-0.02338552444220851,Perez
11,50.1952243736163,7.088765505850951,5.189470077661032,-0.08028790508298829,-0.06029206851139399,Perez
11,47.7619927531988,4.953087113891129,5.203552728678357,-0.09396314068047194,-0.06444124946525188,Perez
11,41.88404532374383,3.9190708788698823,5.217468461187055,-0.14294576600567827,-0.06276545315002457,Perez
11,39.31376579869042,3.7641587892844224,5.229996134518748,-0.16513329279953645,-0.0605486137153627,Perez
11,37.58087055323235,3.831804711201697,5.242172400463858,-0.18049057257196202,-0.05771758778476024,Perez
11,40.94040716402524,4.348666408967917,5.250161061718851,-0.15067185790581455,-0.05363318391395957,Perez
11,45.67098312073188,4.986470815616549,5.257022290941889,-0.10952444062801686,-0.051984993348026996,Perez
11,38.6702529742731,14.583601769531402,5.239305501868317,-0.20784165049572614,-0.008001462365244653,Perez
11,28.317721084052753,26.74054030837947,5.214566421852855,-0.35119035325999165,0.056871572245310434,Perez
11,22.695511356315365,27.42090405406992,5.106368087523868,-0.40975430553043907,0.04155771207825958,Perez
11,18.504846493539958,24.628093849199416,4.972912347284207,-0.44410947287894353,-0.0029997577146623215,Perez
11,19.467424535263735,21.139789858382827,4.883894999472888,-0.4273911546810743,-0.04153987672537027,Perez
11,22.079040306427245,17.428927856063527,4.809097937238639,-0.39451490534418887,-0.0775095430871198,Perez
11,32.41005923166727,11.074310948682811,4.78240854622764,-0.279551064137684,-0.11605348944430542,Perez
11,45.34898462787916,3.8265336004029464,4.771971746846118,-0.13866705332115484,-0.15712633975487705,Perez
11,54.30325578943669,1.9230769230769231,4.776285272516429,-0.05122451641300617,-0.16714128154414498,Perez
11,61.83833503180236,1.9230769230769231,4.785852338616158,0.01718030751470514,-0.1702181090753594,Perez
11,64.9570668025442,1.9230769230769231,4.8486927645219104,0.04882243347707428,-0.16093697776482002,Perez
11,66.41966827142706,1.9230769230769231,4.931510700354921,0.06676951442821091,-0.14633375871140736,Perez
11,69.41128427686216,1.9230769230769231,4.984111505468289,0.09681668721226439,-0.1400424007264217,Perez
11,73.00589193051503,1.9230769230769231,5.024795695649966,0.13152178682728216,-0.13750787679697515,Perez
11,76.56380679621887,1.9230769230769231,5.093084888311019,0.16748640425864458,-0.1302688886932489,Perez
11,80.10652036405808,1.9230769230769231,5.172810439142098,0.20400476026478448,-0.12155121615961477,Perez
11,83.4661682538567,3.256667955160411,5.2742236825151405,0.23526101083980305,-0.10471548185950454,Perez
11,86.74622237059423,5.170081175106301,5.385066357428168,0.2634787762212732,-0.08437882695072625,Perez
11,89.77172088101734,4.45496714340937,5.507657752632627,0.30018813713672976,-0.07001795536722921,Perez
11,92.68117198267952,2.5415539234634794,5.635605182087595,0.3414872353486919,-0.05765951368611723,Perez
11,94.25186831593868,1.9230769230769231,5.80083107846927,0.3680596214806368,-0.031612845655220795,Perez
11,95.18315938667696,1.9230769230769231,5.983861615771163,0.38747404371833494,0.000879085354597374,Perez
11,94.23028604561269,2.451359360907112,6.175009663703131,0.3884967290871044,0.04094220771641335,Perez
11,92.3353304986471,3.243783017652395,6.370216466950134,0.3808041881792856,0.08451001337193038,Perez
11,84.9697135639347,9.40395450445704,6.495122270247899,0.2962564258792468,0.1430229977175284,Perez
11,74.74251990332385,18.371871010062108,6.5832552428029825,0.17133687360788363,0.21325307866941756,Perez
11,63.290991671644946,26.308992515022744,6.565247566503849,0.03478004643654074,0.2632907973830539,Perez
11,51.16990547141299,33.682398004006075,6.489194222862565,-0.10798962983801151,0.30098243903816246,Perez
11,45.64128333977579,35.902414168745835,6.329567417507118,-0.17566197114680684,0.29023164656476835,Perez
11,43.879783533049824,35.17763643391785,6.1221843483150025,-0.2004503383042488,0.2522043314674757,Perez
11,35.55517486422002,45.08625099077364,5.892892980832679,-0.33826330682319666,0.27692423410048544,Perez
11,23.31387219703803,61.34059965718254,5.650527306306201,-0.5520404916194368,0.33835907395449893,Perez
11,18.010758922819168,65.10261095688242,5.258884750090781,-0.6487864528239647,0.2947231340724416,Perez
11,17.02979641798738,61.08251045436979,4.774250038069133,-0.6721261497622493,0.18830342209359366,Perez
11,19.935985287744113,51.275901652786146,4.456592402572302,-0.6159483732336609,0.07077677392410492,Perez
11,25.36882255098348,37.70806245680611,4.2474698668165995,-0.5087336477502888,-0.04959873765124839,Perez
11,36.27495090057902,27.28473369176883,4.100546438486137,-0.3715579439642079,-0.14878985647682647,Perez
11,50.89178507143332,18.993276405336694,3.9957918965456662,-0.2019110648449657,-0.24864415391375405,Perez
11,64.2022700917174,11.177390448747198,3.9951535064600394,-0.04352051260944883,-0.29790923696410354,Perez
11,76.58930140211547,3.697684225322428,4.06811446509939,0.10203699013145091,-0.3259641605280943,Perez
11,85.58849902191614,0.3742488667111681,4.2577514612690495,0.2061489101778459,-0.31602809096891515,Perez
11,92.09139813285539,0.11332888217310211,4.533360274566303,0.2822019584826978,-0.2768866792023053,Perez
11,94.41943692823091,1.022205042305549,4.787377056221277,0.3148701622942387,-0.230367759854247,Perez
11,93.54177940986983,2.8293175278100198,5.024814242150926,0.31388273766328856,-0.17804571495150123,Perez
11,87.26517201391579,10.069578662543424,5.252802473908001,0.24017395429717267,-0.09422965219599425,Perez
11,76.66940471588714,21.65635871666018,5.47323154232702,0.10034586052929154,0.03553184268141381,Perez
11,63.81507186281066,32.66331658291448,5.583388972836209,-0.060413856320357257,0.14500388321592425,Perez
11,49.078601047193985,43.18708929261694,5.601653371753873,-0.24029149501129227,0.22123349446213245,Perez
11,35.35923986677745,56.333825303674544,5.437500244032906,-0.44489026540625304,0.2846584039711988,Perez
11,22.522653086723466,71.75709550081388,5.115022470550109,-0.6770912898501575,0.3173075211106756,Perez
11,12.505973925571876,80.26701104590548,4.689402724578604,-0.8436928058290482,0.29145403372815576,Perez
11,5.038057419967002,82.52831757856885,4.17055850347308,-0.9583272035618963,0.20066078078641214,Perez
11,2.6985568869990924,77.8200442773308,3.7422690374951686,-0.9760083437916431,0.10562124579445788,Perez
11,5.185800798866145,66.55216642653834,3.3992075763432537,-0.9110940304359082,-0.02455248868075082,Perez
11,8.323538828563953,52.687778441547444,3.17152487378618,-0.8140169939993124,-0.15010436497892737,Perez
11,12.098761093735938,36.27881052504195,3.056913354652049,-0.6902207787553509,-0.267336807897562,Perez
11,17.51088484379939,23.064916657881575,2.9989809185789085,-0.5754962778636048,-0.3568929426433963,Perez
11,24.593316231507238,13.111302432910481,2.998884281547599,-0.46496514353888907,-0.416807907110095,Perez
11,34.140284757118955,6.470288505464255,3.013218774525308,-0.35072156591860726,-0.4561973692344858,Perez
11,46.305823991753726,3.3489123941384493,3.0428863431376008,-0.22962494977722672,-0.47532197708153956,Perez
11,58.40194953009008,1.3056736674826928,3.116918118174399,-0.11005581491256336,-0.48457771616663825,Perez
11,70.42127693635217,0.45526779195120426,3.2400336960638465,0.008102066639910695,-0.48307215663093295,Perez
11,79.8129809888603,0.44453034402782693,3.415460167972731,0.10326011368443708,-0.46718191434763284,Perez
11,86.17720595986926,1.4012369540007665,3.651157887338794,0.17169655823794355,-0.43288692735415435,Perez
11,90.92201391573256,1.9230769230769231,3.9314843448009307,0.22990679715750564,-0.3883297590517046,Perez
11,93.723521453421,1.9230769230769231,4.265365287978357,0.27533278721213156,-0.32967188302794054,Perez
11,94.71959154748103,1.9703216939397596,4.595939097195377,0.3034972223453244,-0.26704070453852535,Perez
11,93.45886483700559,2.0766224283811443,4.922378988961904,0.31000294151950053,-0.1994370407886438,Perez
11,92.97015965608932,2.0905811106815313,5.22594323599349,0.322465458740126,-0.13869012931307237,Perez
11,93.48687786250602,1.9842803762401453,5.499715945695847,0.34314017819797554,-0.08710940213561193,Perez
11,93.95956472338383,1.9230769230769231,5.737861803188438,0.3616729590716762,-0.042880500771917004,Perez
11,94.37249475817315,1.9230769230769231,5.927656932682057,0.3768475493555485,-0.007767211510648872,Perez
11,94.8390134432848,1.8870576659521234,6.122094544205097,0.39316823967203757,0.027909444197300234,Perez
11,95.38134046299876,1.8000843377727285,6.323099569330725,0.4110093493510622,0.06435630912147552,Perez
11,95.8992251467126,1.3968443616684263,6.488221995759686,0.4281984496946556,0.09314782526029851,Perez
11,96.38105738482624,0.5271110798748719,6.600417589111058,0.44399689610429505,0.11095098123613115,Perez
11,96.2806602944794,0.3768844221105411,6.688819973995853,0.4497646282469047,0.12739631423265155,Perez
11,95.28452577573184,1.3335910320834807,6.740617422778228,0.43993497783337115,0.14214206981847485,Perez
11,94.33449785836721,2.46834405125863,6.792414871560602,0.42964280619183487,0.15727212337242136,Perez
11,93.45848316953835,3.8889084115215553,6.844212320342974,0.41842800722888107,0.17326438173856668,Perez
11,89.73559229714995,7.855712127069026,6.883007695821766,0.369118327283739,0.2015958672154535,Perez
11,81.24226025231059,16.089187194714697,6.900015813332394,0.2569638746108702,0.2524819115518206,Perez
11,69.61075482306659,26.41002213866514,6.882902273605791,0.10638954593756175,0.3143468010589036,Perez
11,52.48744597111419,40.38373686614899,6.806075833714025,-0.11173148448998531,0.3929415817170073,Perez
11,37.98640736706029,49.69056627348111,6.643393736358561,-0.29148217504064694,0.4279133950934793,Perez
11,28.28037721630662,50.46366252396412,6.323718436783761,-0.39447132421153475,0.38491225740827567,Perez
11,21.854496843190276,49.710088906068805,6.035240304084526,-0.46152144487108654,0.3370803172697323,Perez
11,21.699491044968493,46.03788171627367,5.806403813941502,-0.4603315031247093,0.27481203515596503,Perez
11,20.26063007344429,43.32882360520546,5.584203066615126,-0.4737160071882265,0.2206143394213442,Perez
11,16.254058755315086,42.54606365159124,5.375273804922045,-0.5177296643590708,0.1815821625937134,Perez
11,14.862489408971825,40.757497667045385,5.189428104000967,-0.5336413412612457,0.13861876265150216,Perez
11,18.946080441055226,36.863025305236555,5.051913608446273,-0.49014032370609206,0.08923318882649323,Perez
11,23.51368146091755,31.25885839453714,4.933493223694228,-0.43296645064949,0.034820845528574555,Perez
11,29.14298180881097,21.904393763690422,4.856956694896393,-0.34685202463311826,-0.0363944353051159,Perez
11,37.34856684354177,13.645148821028252,4.791811622213632,-0.2444500711706292,-0.09701436550065848,Perez
11,51.47960665799869,7.9049091611906155,4.752866898595542,-0.09835080407625828,-0.14079017559049792,Perez
11,64.81856543791203,3.565906455353719,4.7333979532471995,0.03570499071213309,-0.1768909863768382,Perez
11,76.24560447927269,2.609199845380769,4.760939507170662,0.14338402716141194,-0.19247724756687923,Perez
11,85.52945672418032,1.9230769230769231,4.812778929613099,0.23251340940512555,-0.20259280491617515,Perez
11,89.37879959236744,1.9230769230769231,4.9262308043715075,0.2736381047785157,-0.18907994554107518,Perez
11,92.49166285975333,1.9230769230769231,5.078820676810628,0.31036815511793003,-0.1665378073954485,Perez
11,93.64058052500263,1.9230769230769231,5.335778543064974,0.3353681596789921,-0.11946072516151937,Perez
11,94.64762721923528,1.671820641669907,5.586188518349323,0.3599078243360192,-0.07421829905267911,Perez
11,95.25634387945946,0.7151140316969569,5.818214030525589,0.38344868995031683,-0.033909497414194884,Perez
11,95.86445045741527,0.0,6.066565344203536,0.40754741452893667,0.009838809318063725,Perez
11,96.4707511918567,0.0,6.363241030326457,0.4317930877403112,0.06451183973737848,Perez
11,97.02642583547106,0.0,6.604698902437597,0.45242842884519213,0.10875220677911952,Perez
11,97.42389394525073,0.0,6.67360110576191,0.4603825360669718,0.12081522634883467,Perez
11,97.76923076923079,0.0,6.741807327234463,0.4678764099889264,0.13284215347730483,Perez
11,97.94230769230771,0.0,6.807713782588155,0.4737666509032232,0.14482996619923144,Perez
11,98.07692307692308,0.0,6.88577502899111,0.48017048291721787,0.1591868805201612,Perez
11,98.07692307692308,0.0,7.006378044066488,0.4883530965923494,0.18185798944637901,Perez
11,97.87398531117127,0.022548640639095615,7.144589497604571,0.495985843889449,0.20840340887520986,Perez
11,96.91727870119831,0.1288493750805571,7.3482037225755805,0.5014438917964985,0.2494598424593621,Perez
11,96.21397586221707,0.1922003178284998,7.529737850089608,0.507796621464953,0.2857281500966074,Perez
11,96.51161791865312,0.08589958338703949,7.624055592648557,0.5173931727758806,0.3024784752040328,Perez
11,96.59719928312896,0.18361035948973764,7.702682995396564,0.5231368518057549,0.31727585313884965,Perez
11,95.78989352356189,1.140316969462599,7.715245809466915,0.5123185952008406,0.32410176095564874,Perez
11,94.85883965280948,1.7491302667180946,7.729477808623537,0.5023544357251994,0.33069218111398335,Perez
11,93.37091928172319,0.7924236567452225,7.751221140668377,0.4961932950545704,0.3367131301907278,Perez
11,92.34704017367314,0.0,7.770873598763046,0.4927438722347626,0.3422109141365388,Perez
11,93.56147774615104,0.0,7.780440664862775,0.5038357736696488,0.34028075446620015,Perez
11,94.72692131988617,0.018741727284439035,7.790007730962505,0.5143398606291412,0.3386150016073815,Perez
11,95.63820852514321,0.1347061648569203,7.799574797062234,0.5221087541249265,0.33807568208028077,Perez
11,95.7009933115461,0.657717491888348,7.809141863161964,0.5206417319494152,0.3409216527837124,Perez
11,91.01216455236553,3.460191399889924,7.8187089292616925,0.46746104636004926,0.36172420319594023,Perez
11,85.67961993338872,7.267104754541962,7.818846563821438,0.40359542088502276,0.38441863638908397,Perez
11,76.43880045136325,17.172400463857656,7.7617340783169935,0.27215319742324134,0.424952113073027,Perez
11,65.46643180939662,28.760351875929615,7.6711207552916125,0.11600850415538276,0.47434050398497,Perez
11,43.039199493973385,51.47971793700424,7.358886507127712,-0.20934779072046983,0.5599911953035083,Perez
11,22.316937250354172,72.43267620152054,6.982250998582661,-0.5211938956788187,0.6283822418079923,Perez
11,13.955708027315948,80.57917794098704,6.138706352274185,-0.7145550881360557,0.5223044736730107,Perez
11,6.278937422153493,86.92393591891093,5.295387192372121,-0.8749704682635353,0.4311297722947224,Perez
11,4.077835759996596,78.85474380449264,4.4538719237211755,-0.9092917400941781,0.23739123458221886,Perez
11,2.5647995220858677,69.2500966370317,3.6658291457286385,-0.9230884611501384,0.03884316035056805,Perez
11,7.17554555996765,45.97989949748756,3.3536915345960554,-0.7631147018585652,-0.1571145373403613,Perez
11,11.710932283796645,23.91151562005813,3.0685068700144065,-0.6211092489334511,-0.3420344519798658,Perez
11,15.49272586709763,13.861264363776924,3.0528516709421227,-0.5407260021232763,-0.40728134205559396,Perez
11,19.27309039369328,4.514608785965465,3.0386333376283123,-0.46839637823307506,-0.4696665716863821,Perez
11,23.037199400264786,3.1713540507509954,3.040759352317139,-0.43060746091273266,-0.4749745083500697,Perez
11,27.583459254313606,1.9230769230769231,3.0432611776832843,-0.38654862243472277,-0.47980048930252217,Perez
11,42.40941596092365,1.9230769230769231,3.050702229094187,-0.25781440821959906,-0.4783004527540135,Perez
11,57.06683768492808,1.8650947042907022,3.0658156751121552,-0.127166785271695,-0.4899867536632358,Perez
11,69.11196717855003,0.9083880943177627,3.1998512375396815,-0.007751042048709614,-0.48692501772119073,Perez
11,80.84507619683507,0.07565020127830858,3.3428867335902526,0.10947790279606093,-0.4843072301824683,Perez
11,86.71220027878323,1.5735241865895004,3.6551209817541506,0.17620747739140874,-0.43298981760362004,Perez
11,92.40357381312158,3.027667474903668,3.9699283128931415,0.24227598790077348,-0.3828142430068576,Perez
11,93.92087184172608,3.4432067095383676,4.345846364690583,0.2773032560291719,-0.3120989697948311,Perez
11,95.39123941385243,3.866945449860016,4.7184494734746005,0.310982722852928,-0.24158858753362708,Perez
11,95.3598323786766,4.553068372163838,4.984974405828681,0.3234594882851369,-0.18802917297409272,Perez
11,95.35971817127599,5.172814343668644,5.25117916700832,0.3355911154655316,-0.13449558368304265,Perez
11,96.87730611097444,2.5732782014189133,5.501855626227489,0.372112060579619,-0.09461002067491887,Perez
11,98.38770776961726,0.0,5.753092385001934,0.4104834141942769,-0.055882707687219924,Perez
11,99.19385388480862,0.0,6.059238500193271,0.4364095347378433,0.00026682466352629346,Perez
11,100.0,0.0,6.365384615384615,0.4629763474244285,0.056092805113415176,Perez
22,97.34,0.0,6.62,0.4561250696431602,0.11090360905297117,Tsunoda
22,97.3897487437186,0.0,6.664221105527639,0.45946951897757693,0.11912687905183737,Tsunoda
22,97.43949748743718,0.0,6.708442211055277,0.46283126438924527,0.1273396543671629,Tsunoda
22,97.42447997563575,0.0,6.793751586213897,0.46841705293925423,0.14341735458775726,Tsunoda
22,97.40880158367595,0.0,6.879480229429977,0.4740609797686395,0.15959593848976733,Tsunoda
22,95.74706258565556,1.2407492005481966,6.909867519415258,0.455779034602522,0.17257876199839242,Tsunoda
22,94.05138419369575,2.5070808588396543,6.939113750571037,0.4370125572057466,0.18551948738483523,Tsunoda
22,94.0,3.247144814984012,7.180328917313842,0.4495144218348854,0.2329179879973802,Tsunoda
22,94.0,3.970762905436272,7.428168113293742,0.462164640473192,0.28276167697660465,Tsunoda
22,93.99459925892086,4.135018526978328,7.50588396528095,0.4665321034055667,0.2980421367376348,Tsunoda
22,93.98897111821734,4.275722044566271,7.576436729100045,0.47063598587318817,0.31175583234381404,Tsunoda
22,87.36092584132784,7.326937718897522,7.561391807522461,0.3990690364261513,0.3321545123152069,Tsunoda
22,80.38062433379017,10.532967869651287,7.541793817572712,0.3236216203483921,0.3528605429975586,Tsunoda
22,54.68523526724528,20.602710522308538,7.419287345820009,0.05357341712239693,0.416489161291128,Tsunoda
22,27.782421196893544,31.115273336378895,7.2901416171767925,-0.22175329002208669,0.49516464654354586,Tsunoda
22,15.684691132429785,52.8634079488351,6.87660423328765,-0.46260359582992844,0.5172960233499495,Tsunoda
22,4.7134348510228,75.46642302421195,6.441428353890665,-0.7118216696573522,0.5653539975342523,Tsunoda
22,3.3273640931932404,83.10370031978071,5.685043398812244,-0.8341117571703222,0.4757447883439822,Tsunoda
22,2.7839470077661046,89.42530835998173,4.900420283234353,-0.9487366373784557,0.3844550301409658,Tsunoda
22,3.547519415258109,78.0219278209228,4.440968478757424,-0.9082751890706379,0.22928981101719192,Tsunoda
22,4.4417907720420295,64.84604842393783,4.014033805390589,-0.8502460672999512,0.0739009436236312,Tsunoda
22,10.993735343383578,40.57509771077611,3.9223003908431044,-0.6584604325647868,-0.08985692415022414,Tsunoda
22,18.181373534338377,15.057509771077584,3.8682300390843105,-0.47420822368103377,-0.2615626836718407,Tsunoda
22,35.183149078726956,7.701842546063639,3.852395309882747,-0.2962695679860881,-0.304338995969447,Tsunoda
22,53.41169179229476,2.616415410385267,3.8413400335008374,-0.1160492352864358,-0.3403153088612736,Tsunoda
22,65.76374904827162,1.1256281407035214,3.8487437185929645,0.0005117524626569952,-0.35863590368762027,Tsunoda
22,77.30525658596011,0.13065326633165864,3.8586934673366833,0.10837173923098188,-0.3781335124314794,Tsunoda
22,83.96963301355261,0.8643216080401985,3.9682584640373584,0.17256966363285833,-0.3676091498423948,Tsunoda
22,89.89676869194457,1.8592964824120557,4.0928815796152485,0.23044259778072432,-0.35424824071696365,Tsunoda
22,85.80226587482872,2.0,4.311043094259174,0.20581256251239927,-0.301891849229146,Tsunoda
22,80.05714024668796,2.0,4.544610933455155,0.1672651059768536,-0.24412641203569596,Tsunoda
22,66.14370641084207,2.5628140703517617,4.655553525201767,0.046395685729127466,-0.19798662971900738,Tsunoda
22,50.771646109334554,3.2261306532663365,4.744598751332419,-0.0889235020214487,-0.16578291107310555,Tsunoda
22,39.64298766560075,2.878331049185324,4.767752905943861,-0.18827193774458603,-0.16666665175516002,Tsunoda
22,29.332334399269122,2.335617481346122,4.778205167250394,-0.2820497048462253,-0.1865377446226895,Tsunoda
22,27.044120603015067,3.3412517131109905,4.78,-0.3068867384211072,-0.1808674050196009,Tsunoda
22,26.419095477386932,4.667884878940123,4.78,-0.3170052456083103,-0.1705512922309005,Tsunoda
22,33.47478300593879,3.124714481498378,4.788140703517588,-0.24498465056079222,-0.1698567415669082,Tsunoda
22,42.23729556875286,0.9438099588853262,4.798090452261306,-0.15722475777540953,-0.17228945054706918,Tsunoda
22,48.96238871123296,0.31409573118114886,4.8160804020100505,-0.09247197439277925,-0.16893599301149118,Tsunoda
22,55.20359474138368,0.05278919851784075,4.835979899497487,-0.03393115483660165,-0.16517709614728435,Tsunoda
22,55.18438860971524,0.8180295416476238,4.855879396984925,-0.035276003398674344,-0.15712630448497156,Tsunoda
22,53.580268006700145,1.8431551697883208,4.8757788944723615,-0.05159999081609921,-0.14755577413589802,Tsunoda
22,49.30472361809046,2.733668341708532,4.8878391959798995,-0.0922011218394414,-0.13978908061911546,Tsunoda
22,44.30994974874373,3.5879396984924625,4.897788944723619,-0.14014243066820214,-0.13453878021214502,Tsunoda
22,41.29260748185371,5.786711334450046,4.907738693467337,-0.17403460325814962,-0.12091570484568225,Tsunoda
22,38.84024567280844,8.36962590731439,4.917688442211055,-0.20404691414954254,-0.10486721710743833,Tsunoda
22,29.914941373534347,8.900258870108152,4.869078726968175,-0.29096259274302794,-0.11724424204588037,Tsunoda
22,19.030720268006736,8.80980660880159,4.802747068676717,-0.3986426246779252,-0.15364899832373569,Tsunoda
22,18.630662402923722,7.417389980204046,4.769078726968174,-0.4004121606761564,-0.17356049690174744,Tsunoda
22,21.58553677478301,5.608344754073403,4.745862646566165,-0.36822137229674173,-0.1849828451789725,Tsunoda
22,31.387354956601182,3.9570580173595213,4.74,-0.2689253901092698,-0.17540515346052873,Tsunoda
22,43.5023298309731,2.359068067610771,4.74,-0.15278528849804632,-0.17270953419281249,Tsunoda
22,53.28223846505252,1.2279579716765654,4.74,-0.06041192424885157,-0.17777409366977262,Tsunoda
22,62.23047967108269,0.2631338510735528,4.74,0.023267343242457782,-0.18726054510101142,Tsunoda
22,66.54069438099592,0.0,4.779104613978986,0.06511386205020261,-0.18449948915084738,Tsunoda
22,69.11164915486523,0.0,4.832873458200091,0.09147069660743447,-0.17636882065068765,Tsunoda
22,70.34837622455713,0.0,4.859469062484139,0.10423658737457839,-0.17255981405547205,Tsunoda
22,71.05892898837621,0.0,4.875348459469063,0.11159519799511967,-0.1703834895491625,Tsunoda
22,73.74586873762752,0.0,4.897481346124562,0.13712448632170168,-0.16989447135104074,Tsunoda
22,77.2515973808436,0.0,4.922204964215014,0.17028254391521255,-0.17068849229353794,Tsunoda
22,81.83780417237702,0.0,4.981111618699558,0.2153626417826095,-0.16767305884276465,Tsunoda
22,86.89378407187453,0.0,5.054880462920663,0.2653692419173585,-0.16346001301173826,Tsunoda
22,90.300933962743,0.0,5.1993381046647364,0.304661121215024,-0.14271028067004166,Tsunoda
22,92.95641134967768,0.0,5.376021521750165,0.33963248086965214,-0.11499521978348355,Tsunoda
22,94.23175879396986,0.0,5.576850921273033,0.36307528703176,-0.07956524889871629,Tsunoda
22,94.84793969849247,0.0,5.789212730318258,0.38141075828666754,-0.040424948057072974,Tsunoda
22,93.46097152428813,1.3266331658291355,6.032797319932999,0.3780744310378444,0.01279547666106269,Tsunoda
22,91.07242881072028,3.3165829145728387,6.291993299832494,0.3645889509922974,0.07277053884900582,Tsunoda
22,85.13882747068682,7.444495203289129,6.430368001624283,0.30335560187366994,0.12352676213616015,Tsunoda
22,77.35088777219431,12.69072635906805,6.505543881021268,0.21707183196165536,0.17026389785534393,Tsunoda
22,62.72517131110109,22.556418455915832,6.474426678848791,0.04372689047884278,0.22870462500696095,Tsunoda
22,44.36004568296022,34.94837825491092,6.385180447693011,-0.17702620378929634,0.29607335800697365,Tsunoda
22,33.96021014161718,39.147555961626345,6.221297396071266,-0.2948925834884905,0.29954226065010037,Tsunoda
22,28.111968935587043,38.66514390132487,6.014764732754683,-0.3544557509787312,0.2661580240689653,Tsunoda
22,27.814051063397812,37.351911070504116,5.807476777828536,-0.3651012704779717,0.2216956485516942,Tsunoda
22,30.828422922694283,35.542865844373495,5.5997380843612,-0.3462101833106506,0.1728636375655711,Tsunoda
22,29.20752550631946,39.121364397746405,5.348341708542712,-0.3965081867464381,0.15191994874219727,Tsunoda
22,24.69908329526406,46.05603776458062,5.0697487437185895,-0.49438556577347365,0.14715995233746823,Tsunoda
22,21.561251713110934,47.009288868585436,4.764050555809348,-0.5499801890628564,0.09959017692378386,Tsunoda
22,19.31431703974425,44.07461550175109,4.440733972894774,-0.5759814148013833,0.024551521975093145,Tsunoda
22,25.634945434241885,34.35977869143698,4.224091162885132,-0.4880310697700816,-0.07504689898813667,Tsunoda
22,37.764091162885144,20.048220902492176,4.0797695548449315,-0.31723687233011816,-0.20215990998336322,Tsunoda
22,51.66117557484397,11.171311100959194,4.024592660271052,-0.15403418855683146,-0.2697387719542884,Tsunoda
22,66.80800974569816,6.136135221562334,4.032431856250952,0.0028967038626814103,-0.3081103854225858,Tsunoda
22,78.27537688442214,2.8542713567839186,4.087546825034263,0.12137475555009752,-0.32773076829247083,Tsunoda
22,87.0315577889447,0.8643216080402154,4.177496573777981,0.2127600112523607,-0.3333593350847415,Tsunoda
22,91.65543271915132,0.0,4.367615857063093,0.26877916944221575,-0.3084636420516245,Tsunoda
22,93.10628699050807,0.0,4.634651032942491,0.29772542833189247,-0.2597624385850092,Tsunoda
22,89.604824120603,2.160804020100494,4.910452261306531,0.2739872868283371,-0.19215591437199028,Tsunoda
22,82.14150753768837,6.050251256281451,5.193266331658292,0.2081731156308223,-0.10823784730310318,Tsunoda
22,69.7170214709914,12.488807674737298,5.4009776153494755,0.08345122906349772,-0.020176277449196752,Tsunoda
22,53.15822750114209,21.051621745089086,5.546103243490178,-0.09008631555997834,0.06947805452411061,Tsunoda
22,37.23836048931523,33.590579158418365,5.499093447033145,-0.29047199147561603,0.14209906369050193,Tsunoda
22,21.87303385614953,49.58052890716199,5.285324602812039,-0.5196478130705884,0.20528574243798825,Tsunoda
22,11.310098979747185,62.45591594335319,4.953519110705039,-0.7057182889447782,0.2251789304862125,Tsunoda
22,5.087787421958289,72.51621745089084,4.515026648393484,-0.8538384042583776,0.20831246774243609,Tsunoda
22,2.0738602101416035,75.46276838739155,4.078864017054972,-0.9328811410121899,0.14869773421458374,Tsunoda
22,2.079588853357705,71.71402466879847,3.6448941678087396,-0.9450054432231472,0.05340611413987521,Tsunoda
22,4.696200192883586,62.05695142378563,3.3319334043957167,-0.8884816422683067,-0.06646914034838944,Tsunoda
22,9.871476574793085,46.60971524288129,3.1375615450992353,-0.7655554148822808,-0.19221350035155033,Tsunoda
22,16.896719963453542,33.40094411451207,3.0247693010507075,-0.6395277236800954,-0.2915893379732285,Tsunoda
22,25.8096847875742,22.47632099893407,2.995221562357241,-0.5061162366286712,-0.36473382107201496,Tsunoda
22,35.67763057712806,12.784528704126622,2.984824120603015,-0.369074017857391,-0.428877341240168,Tsunoda
22,46.560243642454765,4.402619156387974,2.9947738693467336,-0.23452948732590095,-0.47944480003159057,Tsunoda
22,57.74535911882633,0.0,3.032206486980355,-0.11594245761072076,-0.5050115186465299,Tsunoda
22,69.26515811380125,0.0,3.1000456829602556,-0.009049221020869455,-0.5092324623331286,Tsunoda
22,78.4958611238008,0.0,3.2246231155778897,0.0814115086391142,-0.5025363849540053,Tsunoda
22,85.08912745545909,0.0,3.41457286432161,0.1523839238088873,-0.47966966623161056,Tsunoda
22,89.92743718592966,0.0,3.651758793969852,0.21052166779675904,-0.4444060030304618,Tsunoda
22,92.65979899497489,0.0,3.9456281407035223,0.25306766904687983,-0.3934216832153783,Tsunoda
22,94.58068118369624,0.4422110552763688,4.2919821328866545,0.2896175349914016,-0.32919799949656126,Tsunoda
22,95.48721384701282,1.437185929648226,4.703941931881631,0.31847815327767154,-0.24865755930337938,Tsunoda
22,95.56783919597991,2.078574691640031,5.050248210750727,0.3365718581796144,-0.17973708717491035,Tsunoda
22,94.57286432160804,2.2594792142531333,5.31105223085123,0.34129523986772703,-0.1259284129577,Tsunoda
22,94.0,2.7089995431704574,5.575309882747073,0.34915561064136363,-0.072143095689106,Tsunoda
22,94.0,3.5230698949292054,5.844254606365157,0.36132054371946576,-0.0185731977086717,Tsunoda
22,94.1620770519263,3.587939698492466,6.080234505862645,0.376594781546198,0.02625115733261134,Tsunoda
22,94.5534338358459,2.592964824120609,6.269581239530989,0.39658692712978244,0.05842952635768314,Tsunoda
22,94.87742348104157,1.5979899497487473,6.44625856555505,0.41558728163793046,0.08833377714846416,Tsunoda
22,95.10204659661946,0.603015075376879,6.6042485153037935,0.4328421556210729,0.11489313379620505,Tsunoda
22,95.25793817572712,0.23359220344145204,6.71979594944419,0.44382234740020615,0.13527866000108785,Tsunoda
22,95.30808892949597,0.8265570275620782,6.770047205725597,0.44466739551425877,0.1462021009753349,Tsunoda
22,94.28900867976247,2.237348357951385,6.813200345160144,0.4318471447502272,0.16058051296533235,Tsunoda
22,91.55353129282776,4.96096644840366,6.844959139129994,0.39702201559158395,0.18070233177750716,Tsunoda
22,83.65191411603458,11.03883051621759,6.84298766560073,0.29997049071718007,0.2163123714373582,Tsunoda
22,67.09352215623578,22.73732297852912,6.784495203289171,0.09927201722320117,0.2800334228627839,Tsunoda
22,50.773668341708486,33.408862494289885,6.645564184559161,-0.09888725535525583,0.3273171888069349,Tsunoda
22,34.871256281407,42.28323435358617,6.365865692096847,-0.29392824790816174,0.3412619623348463,Tsunoda
22,23.81263387645288,46.954266280899404,6.089365006852441,-0.42668452335780094,0.3301882752775055,Tsunoda
22,21.611226841277038,43.93919090401489,5.818711740520782,-0.44862449904840906,0.26514842233288777,Tsunoda
22,20.28217755443883,40.4857621440536,5.589581239530989,-0.45818912380985727,0.2060001867003762,Tsunoda
22,20.620871021775457,36.194304857621745,5.439832495812396,-0.444776697879877,0.15442448125171906,Tsunoda
22,19.676850921272962,36.422110552764096,5.275410385259632,-0.46561125163683753,0.1264515214751381,Tsunoda
22,16.167403685092054,45.688442211055445,5.0816415410385245,-0.5575593002135855,0.14743414618441433,Tsunoda
22,14.361407035175857,50.016953454139376,4.904277955433732,-0.6105531158515547,0.14185008913891714,Tsunoda
22,16.12201005025131,44.00690320288304,4.761262880056852,-0.5735735857885467,0.0805982912739679,Tsunoda
22,21.959016293589016,34.893863255672315,4.646980356327091,-0.48587070766652557,0.006792140307821754,Tsunoda
22,36.73781026343836,18.974265265722522,4.595724074920055,-0.285688780765016,-0.09914371872317641,Tsunoda
22,50.85200852748597,7.233135373838771,4.567339728947768,-0.11244022227811755,-0.1804456734669648,Tsunoda
22,63.43763666818957,5.102482107507155,4.591560834475407,0.009826766350233454,-0.19777470952073162,Tsunoda
22,74.72507283894221,3.363382569412685,4.625997665093141,0.11942683646343674,-0.21435416870958954,Tsunoda
22,82.87894218567581,2.569412720166481,4.685093142480077,0.19906697232774523,-0.2204489353296838,Tsunoda
22,89.49294655093648,2.0,4.761215166742804,0.2651482782837925,-0.22157608173154225,Tsunoda
22,92.20229328460485,2.0,4.880511649154865,0.2964260175814467,-0.20462153055574364,Tsunoda
22,94.14962083142989,2.263133851073565,5.049337597076293,0.3228904191999518,-0.17592469058262536,Tsunoda
22,94.06489721333944,3.2279579716766005,5.350242119689352,0.3349989491100257,-0.11461599333679545,Tsunoda
22,94.04146185472818,3.686005786508395,5.633145525607837,0.34888432320061064,-0.058785260071895946,Tsunoda
22,94.1901050708086,2.7211816659053274,5.8655073346530635,0.3679092312031875,-0.017097918624558974,Tsunoda
22,94.54843307446323,1.7487437185929697,6.112766864626162,0.39068218495427093,0.026482388051299623,Tsunoda
22,95.52742804933762,0.7537688442211126,6.404123648545762,0.42261530494662314,0.07653353555502093,Tsunoda
22,96.42952946550939,0.0,6.638736104766261,0.44959427074067815,0.11655376048528644,Tsunoda
22,97.0913385107355,0.0,6.696022536927061,0.45903085651961945,0.12581584008104335,Tsunoda
22,97.64569514237856,0.0,6.749759910664433,0.4673506120570649,0.1346279958540201,Tsunoda
22,97.84499162479062,0.0,6.7917699609156905,0.47186760176013426,0.14205895833826152,Tsunoda
22,98.0,0.0,6.847001675041878,0.47689964029442344,0.15207907755996442,Tsunoda
22,98.0,0.0,6.948509212730322,0.48376281647847014,0.171162706227034,Tsunoda
22,98.0,0.0,7.0880493375970754,0.4932819178374035,0.19740338286492176,Tsunoda
22,98.0,0.0,7.368853357697578,0.5125809378063473,0.2503431492456805,Tsunoda
22,98.0,0.0,7.60868483833308,0.5292038495566257,0.2955519799838811,Tsunoda
22,98.0,0.0,7.686674788081823,0.5346269217844626,0.3102736474734232,Tsunoda
22,98.0,0.0,7.754499771585198,0.5393921864588546,0.3230370493526199,Tsunoda
22,98.0,0.0,7.779524897213339,0.5411059701884462,0.3278005580155485,Tsunoda
22,98.0,0.0,7.8,0.5425555664708392,0.3316436974912676,Tsunoda
22,98.0,0.0,7.8,0.5425657461130224,0.3316319514024135,Tsunoda
22,98.0,0.0,7.801708542713568,0.5427352180096733,0.33189693347628235,Tsunoda
22,98.0,0.0,7.811658291457286,0.543437424071572,0.3337671566876232,Tsunoda
22,97.97563575453023,0.0,7.821608040201005,0.5438542996863571,0.3357926097743749,Tsunoda
22,97.824881985686,0.0,7.831557788944724,0.5432832581152108,0.33806346189469494,Tsunoda
22,96.58123953098827,0.4385564184559262,7.84,0.5313264965449327,0.34386463487066976,Tsunoda
22,89.2174204355108,3.3330287802650904,7.84,0.45464436151144527,0.37007737392228035,Tsunoda
22,79.85119131008571,7.6189025937771335,7.8228313283589666,0.35377862803647087,0.400414681900098,Tsunoda
22,58.32747271712111,20.352570935485424,7.701424293183088,0.10437732730277074,0.4614707086629997,Tsunoda
22,37.405445408862406,34.770214709913006,7.531372011573019,-0.1479479468550098,0.5236486233919173,Tsunoda
22,20.4638373686615,60.328003654636646,7.039512715090602,-0.4590387635930909,0.5711053170516499,Tsunoda
22,5.48073701842532,83.37018425460653,6.456482412060304,-0.758073615030369,0.6068280351481179,Tsunoda
22,4.696817420435444,88.17420435510893,5.212462311557782,-0.9000414014163256,0.42750790237265235,Tsunoda
22,3.956850921273046,90.96705750977127,4.053422668900052,-1.0319942391239236,0.2580121036699955,Tsunoda
22,3.568509212730392,77.67057509771081,3.574226689000562,-0.9846439117246746,0.08186517422811977,Tsunoda
22,3.8315760621288084,63.02695294655112,3.13686614892645,-0.9179690749617483,-0.09022868368034989,Tsunoda
22,9.89217907720427,36.39378711740523,3.071841023298309,-0.7060706157654467,-0.2641428580943965,Tsunoda
22,15.96228414801293,11.732297852900626,3.009438099588852,-0.5296566311618098,-0.4279667157295258,Tsunoda
22,22.127409776153435,6.7875742348103625,2.9732571950662403,-0.45756447260872957,-0.4621245924818227,Tsunoda
22,28.0785442363331,2.152276534186065,2.94,-0.3891454359461117,-0.49512274686483576,Tsunoda
22,31.59552916095639,1.036698644738846,2.94,-0.3543227671349807,-0.5012131742384364,Tsunoda
22,35.837009288868686,0.0,2.940341099436577,-0.31356678047382547,-0.5071154926341385,Tsunoda
22,49.60042637429584,0.0,2.945165220039592,-0.19317367021892343,-0.5123626895462688,Tsunoda
22,63.112447083904286,0.0,2.952632861276077,-0.07293546533869419,-0.5271882100231466,Tsunoda
22,72.72782396832643,0.0,3.0010750723313553,0.015933501757343562,-0.5342684804740775,Tsunoda
22,82.19254352570941,0.0,3.064404852545553,0.10471461048217601,-0.5412788056350896,Tsunoda
22,88.82490533475462,0.0,3.4076209329475655,0.18568309082233297,-0.4894751054600267,Tsunoda
22,95.16538754377956,0.08040201005024177,3.754816506776307,0.26396441942876564,-0.4366733187530414,Tsunoda
22,94.57372925232225,2.070351758793934,4.1965250494898685,0.27860514943597287,-0.34514807877729065,Tsunoda
22,94.00311862342014,4.0,4.630677630577129,0.29246472011279134,-0.2550099909468945,Tsunoda
22,94.10603319628447,4.0,4.823039439622358,0.3043258697531339,-0.21730496538181096,Tsunoda
22,94.23619511699916,3.9597989949749013,5.0184345972285715,0.3164281478347551,-0.17915777352248932,Tsunoda
22,95.68785340845643,1.9698492462311648,5.360947160042641,0.355465979875147,-0.11981207713199535,Tsunoda
22,97.12592964824121,0.0,5.703316582914574,0.3962454364818358,-0.062228767517164364,Tsunoda
22,97.2329648241206,0.0,6.031658291457283,0.417292127683358,-5.53451777748539e-05,Tsunoda
22,97.34,0.0,6.36,0.4391092557642418,0.06180188553048169,Tsunoda
